PROJECTE,URGENT,PRODUCTE(S),MUNICIPI,COM COMPRAR,OBSERVACIONS,CCPAE,COMARCA
3 Fermentats I Un Destí,Sí,1 Pa de Massa Mare Natural de 2kg 2 Vins Naturals 1 Formatge Artesà,Torelló,Ho repartim a domicili per tot Osona resta de Catalunya (consultar) Punt de recollida Jaume Jorda C/ Solsona VIC,Ens fa il.lusió poder colaborar per oferir-vos tres productes fondamentals i que donen valor el que nosaltres creiem. Jaume Jorda (vins naturals) La Selecta (formatges artesans) Méskpa / Sabors (pa de massa mare natura) www.meskpa.com,Sí,Osona
30 Cabres,,Formatges de llet crua de cabres que pasturen al Pirineu,Bellver de Cerdanya,"Contacta per telefon, mail o xarxes socials (@30cabres) i mirem quina és la millor opció per fer-te arribar el producte.","Tots els nostres formatges estan elaborats amb llet crua del nostre petit ramat de cabres, que pasturen a diari a 1500 metres al Pirineu.",,Cerdanya
7 de Ribera Hostal-Agrobotiga,Sí,Verdures de producció propia,Móra d'Ebre,A l'agrobotiga dijous i divendres de 10:00 a 13:30 i dijous a la tarde de 17:30 a 20:00 També repartim a domicili.,www.biosferacomestible.cat,,Ribera d’Ebre
A Granel,,"Cosmètica, productes d’higiène i neteja ecològics",Barcelona,"Venda directa i en punts de recollida per tota Catalunya. Durant letapa de confinament, fem repartiments a domicili",,Sí,Barcelona
AgroMontserratí - Cooperativa del Montserratí,,"Fruita, verdura, transformats, elaborats, pinsos, planter, llenya... Productes de proximitat i de temporada",Olesa de Montserrat,A través del Whatsap i Telèfon - XXXXXXXXX A l'Agrobotiga - C/Can Vinyals 23 - Nau 4 Olesa de Montserrat,www.agromontserrati.cat,,Baix Llobregat
Alaball Berros,Sí,"Producte Fresc Parc Agrari KM0 Créixens d'aigus, Espinacs, Faves, Figues, Cireres, Espècies Aromàtiques i Flors Comestibles",Viladecans,Recollida a camp o a domicili.,www.alaballberros.com,,Baix Llobregat
Anna Casa Perales,,Xai i cabrit,Pallars Sobirà,,,,Maresme
Apicultura BeeHappy,,Mel de romanÍ Mel de milflors Mel de timó Mel de muntanya,Juncosa,"Botigues de proximitat tenen els nostres productes, i també ens fan de punt de recollida si és el cas. Podeu consultar-les al web. Podeu comprar per la tenda en línia que trobareu a la web. Però la millor opció és contactar amb nosaltres via mail o telèfon i ens entenem per fer-vos arribar la mel.","La producció de mel que tenim és limitada. Podem garantir el subministrament de mel de milflors durant tots l'any, però els altres tipus de mel van en funció de la producció que en tenim. www.beehappy.cat",,Garrigues
Apit Integral,,Fruita i verdura ecològica,Els pallaresos,A la botiga al poble divendres i disabte mati.. i per enviaments em de parlar,,Sí,Tarragones
AQ verdures,,Horta.oli i vi,Manresa,Els dimarts cullo. Faig reparto a domicili nomes MAnresa i podrn venir a buscar-ho al camp. Comandes a traves de wassap.,,,Bages
Arantast,Sí,"Sidra,vinagre de sidra, mostassa de poma, salsa dolc- picant",25540 Les,El millor es per correu electrònic: xxxx@xxxxx.com,"Tots els nostres productes estan fets amb les varietats locals antigues de poma. No reben cap mena de tractament fitosanitari, però com que son varies propietàries, no ho puc certificar com a ecològic. Tots els altres ingredients si que son de agricultura ecològica certificada. arantastblogspot.com",,Vall d’Aran
Aresta cooperativa,,Pa i productes de fleca,Santa Coloma de Queralt,"Elaborem i distribuïm totes les setmanes els dilluns i dimecres. Tenim botiga pròpia a Santa Coloma i servim a grups de consum, petit comerç i restaurants.",aresta.coop,,Conca de Barberà
Associació Agroalimentària De Cerdanya,Sí,"Làctics (llet fresca, iogurts, flam) Formatges Vedella Xai Gelats Superaliment gratacul Cabrit",Cerdanya,"PUIGCERDÀ: La Solana, 2 (Agrobotiga) dimarts de 17 a 19 h i dissabte de 11 a 13 h BELLVER DE CERDANYA: Escoles, 11, Planta baixa (Làctics l'Esquella) dimarts de 17 a 19 h i dissabte de 11 a 13 h",www.agroalimentariacerdanya.cat,Sí,Cerdanya
Associació Cingle Vermell,Sí,"Leche de cabra(1litro) Queso de cabra (fresco, tierno, semicurado y curado) Yogurt de cabra ( de 450 ml y 850ml) Pan de espelta 600g Pan de centeno 600g",Alforja,,Facebook: associació cingle vermell,,Tarragona
Associació SomEsqueix Social,,Verdura,Cervelló,,Aliments amb tota la força vital! https://somesqueix.com/,,Baix Llobregat
"Assumpta Codinachs i Ramon Font C.B., Aixalda",,"Carn de vedella ecològica BRUNEC. Preparem caixetes de 10 kg de carn de vedella ecològica, tota tallada i envasada al buit, a punt per ser menjada i/o congelada, format familiar.",La Torre de Capdella (Pobellà),Fent la comanda per correu electrònic. Repartim amb la nostra furgoneta frigorífica Cada setmana fem una ruta diferent.,"Servim a grups de consum organitzats: siguin de cooperatives agroecològiques, siguin veïns d'una escala o d'un poble, siguin companys o companyes de la feina, ......  i també a famílies particulars. Tenim capacitat d'adaptació www.vedellabrunec.cat",Sí,Pallars Jussà
Aubagueta Formatges Ecològics,Sí,Formatges i mató de llet de cabra ecològic de propi ramat,Biosca,,,Sí,Segarra
Aurora Del Camp,,"Verdures ecològiques, fruita del país, ous, ametlles, oli, farines.",El Masnou,"Per internet, entrega a domicili. Contactar-nos per més info.",http://auroradelcamp.com,Sí,Maresme
Aviat,Sí,Pollastre penedesenc ecològic,Vandellòs i l'Hospitalet de l'Infant,Contactar via whatsapp al telèfon XXXXXXXXX ; o mitjançant correu electrònic a xxxx@xxxxx.cat Es pot fer comanda fins dilluns; repartiment dimecres i dijous de la mateixa setmana. Es realitzen enviaments a tota Catalunya. Consultar condicions de transport.,"Pollastre penedesenc criat entre 4 i 5 mesos. Se serveix en format sencer, a quarts o a octaus. Més informació sobre els nostres pollastres a: https://www.aviat.cat/proces-de-creixement www.aviat.cat/compra",Sí,Baix Camp
BdeGust Cervesa Compromesa,Sí,Cervesa eco-Lager amb llúpol de KM-0 (certificat ecològic CCPAE i certificat vegà),Caldes de Malavella,Online o enviant un whatsapp o trucant al XXXXXXXXX ,"Intentem concentrar totes les entregues en un sol dia a la setmana, assegurant totes les mesures d'higiene i seguretat. Et deixem les cerveses a la porta de casa teva Www.bdegust.beer",Sí,Selva
Bedous,,Ous ecològics,El Bedorc (piera),,,Sí,Pallars Sobirà
Bernaví Vinyes i Celler,,Vins,Vilalba dels Arcs,"venta directa, web, email, telefon: podem portar a domicili en la zona o enviar amb missatgeria",www.bernavi.com,En conversió,Terra Alta
Biobastona,,"Vedella i espelta, tot ecològic certificat",Moià,"Servim a carnisseries, grups de consum i particulars. Demaneu informació per mail o whatsapp.",Instagram @biobastona,Sí,Moianes-Bages
Biocaseres,,Oli d'oliva verge extra empeltre Oli d'oliva verge extra arbequina Ametlle sense trencar marcona i llargueta Tomaquet de penjar,Caseres,Realitzar les comandes contactant directament al tfn XXXXXXXXX ,www.biocaseres.com,En conversió,Terra Alta
Biograssfed,Sí,"Tenim una carnisseria ecològica a Figueres, La Carnisseria Ecològica, des de on suministrem la nostra carn de vacu ecològica i alimentat 100% pastura, que produim a la nostra explotació de Can Genover, a Vilanant, així com carn de xai, pollastre i porc, embotits, formatges i productes lactics d’altres productors ecològics, de proximitat. Ho preparem al buit al obrador de la nistra carnisseria i ho enviem per transport en fred a casa dels consumidors.",Figueres,"Es pot comprar directament al e commerce de la web www.biograssfed.com, o be per recollir directament a la carnisseria de Figueres, per whataapp.",https://www.biograssfed.com/,Sí,Alt Empordà
Boisans food,Sí,Distribucions de productes alimentaris ecològics,Bigues i Riells,,www.boisans.cat,Sí,Vallès Oriental
Bolet Ben Fet,Sí,"Bolets frescos, ecològics, al peu del Montseny: gírgola de castanyer o maitake, xiitake, bolet de card,...",Sant Antoni de Vilamajor,"A botigues, parades de mercat i cooperatives de consumidors. A https://www.boletbenfet.com/botigues-on-trobar-nos/ trobareu el lloc més proper a casa vostra",www.boletbenfet.com,Sí,Vallès Oriental
Ca l'Elies,,Verdures i hortalisses,Tiana (Barcelona),Venda directa a la propia finca,,,Barcelonès
Ca la Col,,Verdura i fruita ecològica de temporada,Arenys de Munt,Venda directa,Www.hortcalacol.com,,Maresme
Cabra Catalana,,Carn de cabrit Carn de crestó Iogur natural de llet de cabra,Vilanova de Meia,,La cabra catalana es una raza autoctona de cabra de carne de las tierras de lleida considerada extinguida. Nuestro proyecto trabaja por la conservación y recuperación de estos animales. Instagram: @cabracatalana,,Noguera
Caixes de 5kg i 10kg de vedella ecològica,Sí,"A cada caixa hi va: bistecs, filets, daus, rodó, entrecot, xurrasco, carn picada, fricandó.",Cardona,Repartim vedella cada dos mesos. Fem punts de trobada per entregar el producte. Els horaris depenen de la zona però l'entrega es fa entre les 16h i les 20h. La comanda es fa a través del whatsapp i només es poden demanar caixes de 5kg i 10kg. No fem venda al detall ni a la finca.,Preu caixa 5kg de vedella ecològica: 11€/kg + 10% IVA transport inclós Preu caixa 10kg de vedella ecològica: 10.6€/kg + 10%IVA transport inclós,Sí,"Repartim al Bages, Solsonès, Barcelonès i Berguedà"
Cal Camat Agroecologia,,Llegums i blats antics,El Vendrell,Per correu o al telèfon,,Sí,Baix Penedès
Cal Cigarro SL,,"Verdura i fruita ecològica, oli, mel i làctics.",Salt,"Entrega a domicili a: Salt, Girona, Bescanó, Vilablareix, Cassà de la Selva, Fornells de la Selva, Caldes de Malavella, Quart, Llambilles, Sant Andreu Salou, Banyoles, Palol de Revardit, Cornellà, Rabós, Santa Llogaia i Sant Andreu de Terri, Sarrià de Ter i Sant Julià de Ramis.",www.calcigarro.cat,En conversió,Gironès
Cal Cot de Vilallobent,,Carn de xai eco,Puigcerdà,Contactar per telèfon o watsap. Entrega a domicili i tambè es realitzen enviaments. ( demanar les condicions ).,Som una petita empresa familiar que fem venda directe i. Els servim la carn tallada i envasada com els vagi millor.,Sí,Cerdanya
Cal Pauet,,"Xai, gra i farines",L'Espunyola,A domicili o recollida a la finca,,Sí,Berguedà
Cal Roio Ramaderia ecològica del Catllaràs,,"Pollastre ecològic, vedella ecològica.",La Nou de Berguedà,"Podem passar la informació de preus i formats , i rebre les les comandes per email o whatsap. Ho duem a domicili i també servim a cooperatives de consum.",www.calroiocatllaras.cat,Sí,Berguedà
Cal Serrats SCP,Sí,Carn de xai ecologica,Argençola,"A domicili a l'Anoia, les comandes per whats. Possible recollida a la masia.","Carn de xai tallada al gust. Formats: 1kg, 1,5kg, 2kg o mig xai. Talls barrejats. Pagament en efectiu o bizum www.calserrats.com",Sí,Anoia
Cal Tendé,Sí,Carn de vedella ecològica,Les Valls d'Aguilar,"Comandes per Telèfon, WhatsApp o Email Entregues a domicili o punts de recollida",Transport gratuït per comandes superiors a 100€ instagram.com/caltende,Sí,Alt Urgell
Calçots CaNicolau,Sí,Calçots crus i cuits amb salsa casolana Oli i avellanes.,Constantí,,"Nosaltres tenim calçots crus i els coiem, alhora que fem una salsa casolana molt bona. També venem avellanes sense closca i torrades .....oli de Ciurana. Www.canicolau.cat",,Tarragonès
Can Gual Agroturisme,Sí,Ous frescos de gallines criades a terra i horta de temporada ecològica Agroturisme,L'Ametlla del Vallès,Repartiment a domicili mercats locals La garriga Granollers Parets,www.cangual.net,,Vallès Oriental
Can Mas Roig,,Horta,Maçanet de la Selva,Directament a la finca o per wasap,canmasroig.com,,La Selva
"Can Mimó, Pastors i productors artesans",Sí,Iogurt de llet de cabra Flam de mató de llet de cabra Mató de llet de cabra Formatge fresc de llet de cabra,Vacarisses,Mercat municipal d'Olesa de Montserrat. Venda a domicili per compres superiors a 20€ a Vacarisses.,Pròximament punt de recollida a Esparreguera.,,Vallès Occidental
Can Plana,Sí,"Xai i cabrit, ramaderia semiextensiva",Vallgorguina,,Peça sencera o mitja (1/2 xai o cabrit o sencers). www.canplana.cat,,Baix Montseny
Can Serrà 1786,Sí,"Horta ecològica variada de temporada, agroturisme i cuina ecològica",Llagostera,informació i comandes a xxxx@xxxxx.cat o per whaap a XXXXXXXXX : comandes a domicili o recollida de comandes a la finca,,Sí,Gironès
"Can Terrades, Producció Agrària Ecològica SCP",Sí,Carn de Xai ecològica Carn de Cabrit ecològica,Sant Celoni,Comanda oer teléfon. Servei a domicili.,Comandes amb una setmana d'anticipació. https://canterrades-santceloni.com,Sí,Vallès Oriental
Can Tria Ecològic,,"Productors de verdura de temporada, maduixes i pans. Tot ecològic",Mataró,Fem venda directa en la pròpia masia. També fem mercats,Www.cantria.cat,Sí,Maresme
Can Verdet,,"Avellana, oli d’oliva arbequina i cistelles d'horta",Vilaplana ' Reus,Recollida a les afores de reus els dijous a la tarda.,"S'ofereixen cistelles tancades de verdura de temporada. Funcionament estil CSA (agricultura mantinguda comunitariament). Trucar per mes informació. Opcio de provarho durant 1 mes, despres es demana compromís.",,Anoia
Can Vers el Pastoret,Sí,Carn de xai ecològic,Vallcebre,"Comandes per telèfon,repartim a domicili tenim pàgina a Facebook xai ecològic can vers",Les comandes triguen una setmana depèn de lescorxador,Sí,Berguedà
Carns de muntanya (Coll de Gommà i Mas Ballart),,Carn de cabrit Carn de xai Carn de vedella,Cabanelles,,Instagram @carns_de_muntanya,,Alt Empordà
Castanya de Viladrau,Sí,"Castanya torrada, castanya deshidratada, farina de castanya, formatge de castanya (2 tipus), botifarra de castanya, cervesa i licor de castanya, i més elaborats",Viladrau,Poden trucar al telèfon de l'empresa (XXXXXXXXX /XXXXXXXXX ) o per via electrònica (xxxx@xxxxx.cat). L'horari és de 09:00 - 13:00 i 16:00 - 19:00 (a botiga). També enviem comandes arreu del territori.,,Sí,Osona
Cava Artístic,Sí,"Caves, Vins, Licors Catalans, Cerveses Artesanes i Hidromels",08380 Malgrat de Mar,"Carrer Nàpols, 19 de Malgrat de Mar. Recollida durant tot el dia Les comandes per telèfon al XXXXXXXXX ",www.cavaartistic.cat,,Alt Maresme
Celler Bàrbara Forés,Sí,Vins i oli d'oliva verge extra,Gandesa,Confinament: fem entregues a domicili. Compra a través de la nostra web. L'oli no figura a la web i cal contactar per privat (mail o telèfon). Resta de l'any: compra al celler en horari: de Dilluns a Dissabte de 10-13h i de 16-19h. Diumenges a convenir. També venta on line a través de la web.,"Agroecologia. Agricultura de secà. Gairebé tota la producció de vi està certificada amb el CCPAE. El que fa als olis, fa molt poquet que hem iniciat el projecte d'elaboració d'oli i és molt petit, per questions de despesa econòmica l'oli encara no té el segell tot i que tenim tota ""l'explotació agrària"" certificada. L'oli està molturat a un molí amb certificat CCPAE. www.cellerbarbarafores.com",Sí,Terra Alta
Celler Comalats,,Vins elaborats a la Segarra,L'Ametlla de Segarra,"Per comprar, envieu un mail a xxxx@xxxxx.cat o un wp al telf de contacte. Entregues a domicili a les comarques de l'Urgell i la Segarra, a la resta de comarques haurem de fer enviaments amb missatgeria.","Entenem que el vi en aquests moments no és un producte de primera necessitat. Però ens agradaria demanar a tothom que tot i això, ajudi als petits cellers del país, com nosaltres, a seguir endavant amb el nostre/seus projectes. www.comalats.cat",,Segarra
Celler Cooperatiu de Gandesa SCCL,,Vi i Oli,Gandesa,Venda directa en botiga o comandes per la botiga online,https://www.coopgandesa.com/,,Terra Alta
Celler La Gutina,,Oli i vi,Sant Climent Sescebes,,No estamos en urgència al momento però la situació serà molt complicada més endavant. Cellerlagutina.com,,Alt Empordà
Celler Lo,,"Elaborar vins ecològics de qualitat, DOQ Priorat, a un preu just",La Vilella Baixa,"tenim botiga online, o al celler",www.celler-lo.com,En conversió,Priorat
Celler López Schlecht,Sí,"Vi, oli d'oliva, melmelades, conserves.",Fonteta,Venda a la mateixa finca i a domicili al Baix Empordà (comanda mí­nima segons quilometratge).,,,Baix Empordà
Celler Talcomraja,Sí,vins i vermut natural,Arenys de Munt,Per correu electrònic o whatsapp se serveix a domicili,www.talcomraja.com,En conversió,Maresme
Central Parc Baix Llobregat,Sí,Verdures i fruites de temporada ecològiques,Sant Boi de Llobregat,https://centralparc.cat/,Tenim un punt de venta directa a Sant Boi dintre del mercat municipal de la Muntanyeta. Servim a botigues i mercats per barcelona i voltants. Fem grups de consums. I tenim moltes escoles Per qualsevol consulta d'espais o per comprar millor trucar al número de teléfon,Sí,Baix Llobregat
Cervesa Artesana Ecològica,Sí,Cervesa,Llivia,cervesalybica.com,,,Cerdanya
Cervesa Artesana Florestina,Sí,"Cervesa artesana: Pale Ale, Nature, Weiss weiss baby, Torrada, Ipa Lupuluuus, Apa Nen! (sense gluten)",la Floresta,"Jueves 10 15 a nuestra instalación Carrer qudra de canals 5, 08198 la Floresta Comanda via whatsapp +XXXXXXXXX 83 Posibilitat de reparto a centro de recogida como Cooperativa de consumo y centro sociales.",Hoy mas que nunca apoyamos a los productos locales Y artesanales ! Apuntate al consumo solidario y responsable ! https://laflorestinasocial.home.blog/; www.cervezaflorestina.com,,Barcelones
Collita de l'avi Pià,,Oli d'autor d'oliva verge extra 100 %arbequina. Collita i elaboració pròpia,Valls,Contacte per WhatsApp o Twitter xxxx@xxxxx. Enviament a tota Catalunya,"En temporada, tenim tomaquets varietats autòctones, tomacons, i ceba de figueres",,Alt Camp
Collita propia,Sí,Horta i fruita de temporada,Reus,Al Carrer dels recs 35 de reus 43201 obert de diuns a divendres de 17 a 21 dissabtes de 10 a 14,,,Baix Camp
Comic Beer,Sí,"Cerveses Artesanas: Blonde Ale amb taronja i gingebre i Ambre Ale i nous A part d’un aroma i textura especials, l'etiqueta de les meves cerveses son Còmics que expliquen històries. La primera es sobre els ingredients per fer la cervesa, uns ingredients que van a la recerca d’altres ingredients (Taronja i Gingebre) i la segona etiqueta, sobre com es va fer la primera cervesa ambre amb nous en l'època dels dinosaures.",Cardedeu,Venta directa. Fen la comanda per corre electronic xxxx@xxxxx.com o contactar per teléfono +XXXXXXXXX o what's up.,www.comicbeer.com,,Vallès Oriental
Cooperativa Agricola Sant Isidre Del Perelló,,"Oli, meli vi i tota classe de productes de km 0.",El Perelló,A la mateixa Agrobotiga. horari actual: de 9 a 13 de dilluns a dissabte. Comandes al telèfon: 977-XXXXXX o al correu: xxxx@xxxxx.com,Com a novetat d'aquest any: monovarietals i DOP. www.coperello.es,,Baix Ebre
Cor de fruita,,"Pomes, peres i cereals 100% eco",El Poal,,cordefruita.cat,Sí,Pla d’Urgell
Cultius respectuosos La Puput,,"Patata Porro Ceba Ametlla pelada Oli d'oliva (prensa en fred) arbequina, grossal i menya Farines (barbilla, espelta) Llegums (llentia pardina, verdina, cigró, moreu) Pinso de gallina",Aiguamurcia,Trucar o enviar e-mail,Estem sota minim ja....,Sí,Alt Camp
Cultures Trobades,,Pasta seca de blats antics recuperats (bosses de 5kgs d 'espirals),"Noguera,dif municipis",,,,Noguera
DeBosc,,Hamburgueses pollastre i pollastre i patates de muntanya. Tot ecològic certificat,Odèn,Repartim a grups de consum i carnisseries,Instagram: @somdebosc,Sí,Vallès Oriental
Distribucions Josep Mas Carós,Sí,"Distribució de productes ecològics envasats. Marques com: BioGirona, Cal Valls, Lima, Biocop, Finestra Sul Cielo, MIelar, La Flor del Pirineu, Masmi, Bioartesà, Int-Salim, Can Moragues, Ecover, Artesania Agave, Natursoy, Natur Erbe, Bio Bética, entre d'altres. I productes com: conserves, pastes, salses, cereals, llets vegetals, arrosos, llavors, fruita seca, sabons, cosmètica, higiene femenina.... productes a granel.",SIls,Per fer les comandes ens podeu trucar o enviar un correu electrònic. Punt de recollida en funció de la comanda al mateix magatzem o a l'adreça indicada del destinatari.,"Empresa petita de 3 treballadores, amb més de 30 anys treballant en el sector. La nostra àrea de distribució és la província de Girona. Per qualsevol dubte o més informació no dubteu en contactar amb nosaltres. www.gironaecologica.cat",Sí,Selva
"E.I. Sambucus, SCCL",Sí,"Infusions ecològiques, en bosses a granel o en monodosi (poliol, menta, farigola, maria lluïsa, depurativa, digestiva, relaxant i refrescant)",Manlleu,"comandes a través del web, correu electrònic o whatsapp i enviament a domicili",https://www.infusions.cat,Sí,Osona
Ecoavìcola pollastres ecològics del Cadí Moixeró,,Pollastre ecològic,Bagà,"Repartim a domicili, comandes fins dilluns al matí",www.pollastresecologics.cat https://www.instagram.com/pollastres_ecoavicola/,Sí,Berguedà
Ecocentral,Sí,"Verdura i fruita: coliflors, bròcolis, enciams, pomes, peres, taronges, patata, ceba. granel: oli, llegums, pasta, arroç, sucre, llaunes",Hospitalet de Llobregat,,https://ecodaqui.org,Sí,Baix Llobregat
Ecofranch,,"Productes làctics ecològics: iogurt natural, quèfir natura i desnatat. Productes de la terra ecològics: patata kennebec, farina espelta integral i carbassa.",Montferrer,"Es pot comprar directament a l'agrobotiga de la granja, per mail, per telèfon (whatsapp), facebook: ecofranch, instragram: xxxx@xxxxx.",El nostre ramat són vaques de raça Brown Suiss i som els únics a Catalunya que produim aquest tipus de llet ecològica. Per a servei a domicili cal tenir en compte que durant la setmana fem un 3 viatges per la ruta: Montferrer - Sallent per Túnel del Cadí. Comandes per servei a domicili en aquesta ruta: mínim 1 caixa de làctics que es poden combinar (24 unitats) = 15€ i de patata 1 sac 25kg=26€.,Sí,Alt Urgell
Ecomercaderet,,Horta pròpia (distribució Conca d'Odena),Igualada,Domicili,,,Anoia
EcoPallareta,,Ous ecològics Pollastre del Penedès ecològic Brou gallina eco,Manresa,www.ecopallareta.cat,"Botigues locals Bages, telèfon i mail",Sí,Bages
Ecopica,,"Oli d'oliva verge extra. Ecològic. D'oliva arbequina, sense filtrar.",Picamoixons,,,Sí,Alt Camp
Ecotros,,Oli d' oliva certificat ecològic CCPAE de primera prensada en fred recollit en verd. Ampolles de 500ml i de 1000ml. Ametlles certificade sacs de 1 kg i 5 kgs,L’Ametlla de Mar,a qualsevol lloc de la provincia de tarragona ho portem amb furgoneta eléctrica amb una comanda mìnima de 30 euros. Formem part de la cooperativa l' Enllaç de l' Ebre i podem portar molts mès productes de les nostres socies. Horari d' atenció telefònica de 9 a 13 i de 16 a 20 hores,www.ecotros.cat,Sí,Baix Ebre
Ecoxai,,"Carn de xai, tallada al gust i a punt de cuinar. Format: mig xai eco tallat, aprox 6 kg.",Moianès i rodalies,"Comandes per whatsapp o mail. Servei a domicili. Zona Àrea Metropolitana de BCN, Vallès Oriental, Vallès Occidental, Bages i Osona",Instagram @laginebreda,En conversió,Moianès
El Circell,,Horta ecològica,Gurb,,www.elcircell.cat,Sí,Osona
El Cistell,Sí,"Verdura, fruita i ous ecologics",Borges del Camp,"Es pot comprar per WhatsApp, mail i trucada. El repartiment és a domicili",www.elcistell.cat,Sí,Baix Camp
El Coll de Noguera,,Aviram ecològic: ous i pollastre Patata Carbassa Cereals,Montblanc,"Distribució setmanal a grups de consum, botigues i particulars. Comandes per correu electrònic i whatsap.",,Sí,Conca de Barberà
El Jardí dels Sentits,,Vins i caves Ecològics d'Agricultura regenerativa i biodinàmica.,Subirats,Per telèfon XXXXXXXXX Per mail xxxx@xxxxx.com Envio gratuit a partir de 12 botelles. In situ amb cita prèvia!,Collita pròpia i manual de tota la finca. Certificat ECO del CCPAE Som un projecte familiar i sostenible. http://www.vinosecologicos.org/eljardidelssentits/,Sí,Alt Penedès
El Molí D'en Vendrell,,Fruita i verdura ecològica,Santa Eulàlia de Ronçana,Podeu enviar watsap o e-mail i podeu passar a recollir a la finca de 17 a 20h dimecres i dijous. Dissabte de 10 a 14h i divendres de 9 a 14h al mercat setmanal de l'Ametlla del Vallès,Molídenvendrell.cat,Sí,Vallès Oriental
El Ramat,Sí,Corder ecològic,Pujalt,Caixa 1/4 corder variat (2-3 kg) Caixa 1/2 corder variat (4-6 kg) Preu 13 €/kg Pagament efectiu o transferència prèvia,"T'ho portem a casa dijous-divendres. Repartim Anoia, Bages, Segarra, Conca de Barberà, Urgell instagram elramateco",Sí,Anoia
El Rebost de Can Moragues,,Tenim produce agroecològic de varietats locals de productors de la zona que estan en custòdia amb la Fundació Emys.,Riudarenes,"El punt de recollida és a la botiga, de dijous a diumenge de 10h a 14h, es poden fer les comandes via e-mail a xxxx@xxxxx.org i via telèfon o Whatsapp al XXXXXXXXX ",Recomanem fer les comandes via Whatsapp i fer-les abans de dimecres per a poder fer previsió a l'hora de fer comanda a les nostres productores.,Sí,Selva
El Rebost del Pou Calent,,"Petit comerç de productes de proximitat i ecològics a granel (pasta, llegum sec i cuit, farines, fruits secs, galetes, formatges, iogurts, espècies, bolets deshidratats, arrossos, sucres, llavors, vins a granel, kombutxa a granel...) També tenim detergents a granel.",La Garriga,Horari dies de confinament de 9:30 a 13 h Es poden avançar les comandes per whatsapp i passar a recollir quan es confirmen.,"Tenim productes d'alguns dels productors anomenats al directori: Granja del Montseny, Tres Cadires, Caseus Afinadors, Detergents de la cooperativa A Granel, llavors de les Refardes, Mamafermenta, la Cleda,... elrebostdelpoucalent.cat (en breu)",,Vallès Oriental
"El Serradet de Barneres, SCCL",Sí,"Làctics frescos d'ovella de temporada. Mató, iogurt i formatge fresc.",L'Esquirol (Sant Martí Sescorts),Durant el confinament per Coronavirus: Mercat municipal de Manlleu Mengem Osona (Vic) Cooperatives de consum ecològic,"Normalment els nostres punts de venda habituals són els mercats setmanals dels pobles de les rodalies on fem parada pròpia: Manlleu, Vic, Torelló i Roda de Ter. Però han estat anul'lats fins a nova ordre arran del coronavirus. Instagram @elserradetdebarneres https://elserradetdebarneres.blogspot.com/",,Osona
El Soler de Preixana,,Porc ecològic Vedella ecològica Lots de 6 i 12 kg,Montmajor,"De moment, oferim servei a domicili o punts de trobada a Berga, Solsona i Manresa i a pobles propers.",Granja pròpia,Sí,Berguedà
El tros de l'Uri,,Verdura i fruita eco. Altres.,Malgrat de Mar i Blanes,Venda directa,,,Maresme
El Tros dOrdal SL,,"Verdura, fruita, ous, plantes aromàtiques, farines, llegums, melmelades, mel, bolets, sucs, germinats i fruits secs.",Subirats,"habitualment repartim dimarts a domicilis o punts de recollida. En temps de confinament estem canviant el nostre mètode per poder abastir a tothom i continuar mantenint la nostra salut mental i física. Per tant, ampliem els dies de repartiment de cistelles. En aquest cas, trucarem a tothom qui li quedi afectada la cistella per reorganitzar les rutes de repartiment. Les comandes es fan a través de la web. Cal registrar-se previament. Tenim una parada física al Mercat de la Carn de Vialfranca del Penedès. Horari: dimarts-divendres de 8:30h a 13:30h; dissabte de 8h a 14h. També obrim el magatzem els dimarts de 10h a 13:30h i de 17h a 19h.",www.eltrosdordal.com,Sí,Alt Penedès
El Xai de la Roser,,Carn de xai ecològica,Bages-Moianès,Venda directa a domicili a la catalunya central.,Comanda minima 1 /4 xai(3kg),Sí,Bages-Moianès
Els Corremarges,,Melmelades i salses amb fruits silvestres,Passanant i Belltall,"Distribuïm en petites botigues de la zona (Segarra, Conca de Barberà , Urgell, Anoia) i en fires i mercats sobretot a la primavera i l'estiu.",Www.elscorremarges.cat,,Conca de Barberà
Embotits Artesans J. Mallol,Sí,"Embotits artesans elaboracio propia Producte: curats: secallona/xistorra curada, llom /cap de llom, llonganissa/fuets/somaies,/xoriç sobressada, cansalada, llonganissa dolça botifarres dolces cuits: bull i botifarra blanc, negre, fetge, perol, cap, pate campanya Producte natural sense aditius ni conservants",Santa Mª de Palautordera,"Fer les comandes per tel al XXXXXXXXX o per WhatsApp, recollida a l´obrador o ho portem a domicili",,,Vallès Oriental
Embotits Pedragosa,Sí,"Llonganissa, fuet, xoriç, secallona, …. Productes curats de porc i gall dindi",Caldes de Montbui,"A través de la web o bé, trucant al telefòn, us ho enviem a casa",www.pedragosa.net,,Vallès Oriental
enric eco,Sí,"horta variada de temporada , maduixes tomaquets cols coliflors fruites",Sant Climent de Llobregat,trucan al XXXXXXXXX ,nomes treballem amb productes ecologics,Sí,Baix Llobregat
Entre flors,,"Productes apícoles de collita pròpia: mels, pròpolis (tintura, ungüent, mel amb pròpolis) i pol-len fresc",Montferri,,entreflors.cat,,Alt Camp
Espirulina Natural,,Espirulina deshidratada en fideus Espirulina deshidratada en comprimits,Cardedeu,"Online, enviem a domicili https://espirulinanatural.com/productes/ Botigues",www.espirulinanatural.com,,Vallès Oriental
finca la despeinada,,"vi natural (sense additius, sense sulfits afegits)",Gandesa,,,,Terra Alta
Flors del Brugent,Sí,"Mel de diferents varietats, pol·len fresc, tintura de pròpolis, bresca, avellanes crues amb closca i ametlles crues pelades",Mont-ral,"Instagram, per telefon, wattsap, recollida a concretar amb el client a Alcover.",@florsdelbrugent a Instagram,,Alt Camp
Formatgeria de Gavàs,Sí,Som una cooperativa de treball associat que oferim cabrit ecològic i formatges artesans de llet crua de cabra del nostre propi ramat i de pastura.,La Guingueta d'Àneu,"A part de la nostre botiga de Gavàs, ens trobaras a botigues de proximitat del Pallars. També fem servei a domicili gratuït al Pallars i amb despeses d'enviament a la resta.",http://formatgeriadegavas.cat,Sí,Pallars Sobirà
Formatgeria del Miracle,Sí,Formatges,Riner,Per telefon o mail,www.formatgeriaelmiracle.coop,,Solsonès
Formatgeria del Montseny,Sí,Formatges de llet crua i carn de cabrit,Montseny,"Us portem la vistra compra a casa, contactant per whatsap al XXXXXXXXX . Us atendrà la Silvia",www.formatgeriadelmontseny.com,,Vallès Oriental
Formatgeria Taüll - Ruben Farelo i Navarro,,"Formatge Ecològic de Cabra, ramat propi de pastura. Cinc tipus de formatge: Truc, pasta tova de quallada acido-làctica Craba, pasta tova de pell rentada Panical Blau, blau de 2 a 10 mesos Serrat, curat de 4 mesos a 2 anys C10, pasta cuita de 8 mesos a 2 anys.","Taüll, Vall de Boí",,"Explotació ramadera de 160 cabres de llet, per produir un excel.lent formatge de cabra ecològic (certificat pel CCPAE) amb un volum de producció de 8.000 Kg/any. Cinc tipus de formatge: Truc, pasta tova de quallada acido-làctica. Craba, pasta tova de pell rentada. Panical Blau, blau de 2 a 10 mesos. Serrat, curat de 4 mesos a 2 anys. C10, pasta cuita de 8 mesos a 2 anys. www.petitsauc.com",,Alta Ribagorça
Formatgeria Tiraval,Sí,"Elaborem formatges de Cabra, Vaca i Ovella",Bagà,"Els nostres formatges es poden seguir trobant a petites botigues locals i també hi ha la possibilitat de que t'ho portem a casa. Comandes al XXXXXXXXX , a xxxx@xxxxx.cat. Repartim divendres",www.formatgeriatiraval.cat,,Berguedà
Formatges artesans de la Vall del Brugent,Sí,"Cabrit 18€/kg tallat Formatge fresc, peces de 500g/7€ Mató, 13,50€/kg (1 setmana de durada) Formatge curat, 500g/11€ Tot sense conservants, sense químics.",Capafonts,"Trucar per encarregar i es reparteix a domicili un cop per setmana per muntanyes de Prades: Cornudella, Falset, Montblanc.. Ideal cooperatives de consum si poden fer comandes agrupades",Sortim a pasturar cada dia i respectem el cicle del ramat,,Baix Camp
Formatges del Pujol Orra,Sí,"Formatges tendres i madurats , mató i cremes de formatge. Tot ecològic amb certificació del CCPAE",Les Lloses,,"Petita explotació familiar i tradicional que treballem mantenint l'equilibri entre pastura, conreu i bosc com s'havia fet sempre. Tenim petit ramat de 25 vaques, les quals alimentem aprofitant els recursos de la propia finca. Formatgesdelpujolorra.com",Sí,Ripollès
Fruites i verdures del Mas Boixó,Sí,Tot tipus de fruites i verdures,Torroella de Montgrí,Fer comandes per whatsapp o Gmail,"La nostra producció no es ecològica sinó producció integrada, nom que molta gent no sap que vol dir, sempre s,'ha parlat del nom ecològic perquè està més de moda, però poques vegades es parla del que vol dir producció integrada",,Baix Empordà
Fruits del Gaià,,"Oli d'oliva, ametlles",Bràfim,,Possibilitat d'engegar algun cultiu herbaci (horta) si es detecta necessitat. Caldia saber-ho aviat per escurçar al màxim el temps d'entrada en producció.,,Alt Camp
Fruits del Secà,,"Cigrons, llenties, llenties vermelles, cereals i farines.",Sant Pere Sallavinera,www.fruitsdeseca.cat,"Punts de recollida : Punt d'Intercanvi i Mengem Bages (Manresa i comarca) ; el rusc que diu que sí (Aguilar de Segarra); botigues a granel Bcn: Vida Meva, Yes Future. Comandes amb mínim 4 dies d'antelació es poden recollir a casa o les podem servir a Manresa.",,Anoia
Fungi Girona,,"Bolets: xiitake, gírgola, xampinyó ros Extractes de bolets medicinals: reishi (bolet de pipa) // reishi-xiitake-maitake",Sant Joan les Fonts,"Mercat setmanal a Olot, els dilluns al matí. Distribuïm a Olot i rodalies; també a poblacions d'Osona a prop de la carretera C-17, de Torelló fins a Vic. Fem repartiment els dilluns i dijous al matí.",Contacteu a través de telèfon o correu-e per trobar la millor manera de fer-vos arribar els nostres aliments. www.fungigirona.cat,,Garrotxa
Garrofina - Cultius Gaia,,Tauletes i cremes de garrofa Melassa de garrofa Farina de garrofa Ametlles i avellanes pelades crues o torrades Suc de raïm blanc sense filtrar,Aiguamúrcia,"Directe a nosaltres, punt de recollida Aiguamúrcia. Podem portar a casa. Podeu fer les comandes per Email o WhatsApp. Gràcies","No estem en urgencia perquè els nosaltres productes son de llarga durada però si ens han cancelat totes les fires de març i abril, per tan aquesta plataforma ens pot ajudar. Gràcies Www.garrofina.eu o www.cultiusgaia.eu",En conversió,Alt Camp
Germans Colls,,Xai ecològic,Pau (Alt Empordà),,,Sí,Alt Empordà
GraMa,,"Pa (de fajol, de nous, de sègol, de blat), Coca de forner, Magdalenes",Sant Antoni de Vilamajor,grama.vilamajor.net,Comandes a XXXXXXXXX i busquem el punt de recollida,,Vallès Oriental
Granja Bufulà,Sí,Pollastre ecològic certificat Xai lletó de pastura,Vallcebre,,,Sí,Berguedà
Granja can Borrell,Sí,Llet de cabra,Llabià,,Ofereixo 250 litres de llet crua diaris per una formatgeria que li pugui interessar. Gràcies,,Baix Empordà
Granja Can Torrent,,"Can de xai, iogurt llet d ovella, formatge d ovella i llet d ovella",Mieres,"Només a nivell comarcal ,Garrotxa i pla de l estany",,,Garrotxa
Granja Cervesera Lo Vilot,Sí,"Cerveses artesanes de proximitat, ecològiques, sense gluten",Almacelles,"t'ho enviem a casa o pots passar a recollir-ho per la fabrica (vivim allí) Comandes per whatsapp, telèfon, correu electrònic.",www.lovilotfarmbrewery.com,Sí,Segrià
Granja El Niu d'Ous,,Ous ecològics,Òrrius,,elnidous.cat,Sí,Maresme
Granja i formatgeria de Montmelús,,Carn de cabrit i formatges de cabra,Ger,Venda directa a la pròpia finca. Repartim a Barcelona i Cerdanya a partir d'abril.,,,Baixa Cerdanya
Granja i Formatgeria Veciana,,"Mató, iogurts, formatge fresc, formatge tou de llet crua, formatge semi madurat suau de llet pasteuritzada, formatge curat de dos mesos amb llet crua, formatge amb sis mesos de maduració i llet crua. Tot amb llet de cabra.",Veciana,"Venda directa i a domici, contactar per whats al XXXXXXXXX o al XXXXXXXXX .",,,Anoia
Granja Recasens,,Cabrit,l'Albiol,entrega a domicili. Les comandes es poden fer a través del telèfon (trucada o wasap) i pel correu electrònic,,,Baix Camp
Gratacool,,Superaliment ric en vitamina C procedent del fruit del roser silvestre,"Talló, Bellver de Cerdanya",per la web,www.gratacool.com,Sí,Cerdanya
"Greenhort, l'hortet de casa",,"Verdura de temporada (cols, coliflor, bròquil, ceba seca, ceba tendra, enciams, remolatxa, calçots, pastanaga, porro, patata, etc) Fruita d altres productores (taronja, poma, pera, llimona, etc)",Sant Martí Sarroca,"funcionem a través de comandes per whatsap on enviem el llistat del que tenim de forma setmanal i fem repartiment porta a porta. De dilluns a divendres vilafranca del penedès i els voltants. Dimecres Vilanova, Cunit, Cubelles, Vendrell. Dijous Sitges i Sant Pere de Ribes",,Sí,Alt Penedès
HeriCamps,Sí,"Oli d'oliva verge extra, Vinagre, Fruita Seca,Vi, Horta de temporada.",La Figuera,"Venda directa a la nostra zona, botigues a Tossa de Mar i possibilitat d'enviar comandes. Es poden fer les comandes via correu electrònic o WhatsApp i enviem a tot el territori català.","Som una empresa familiar agroecològica del Priorat. Venem a tot Catalunya, on podem i confien en un producte ecològic i sostenible. Al tancar bars i restaurants + la dificultat de distribució, estem notant com les vendes han quasi desaparegut, especialment d'oli i vi. Seguim al peu del canó i confinats tant com podem.",Sí,Priorat
Hort d'en Dídac,Sí,"Verdura, hortalissa i maduixes de conreu porpi al maresme i fruita d'hortec. Projecte enfocat a venda directa i menjadors escolars amb compromis social. Integrem persones amb diversitat funcional a la nostra plantilla. Producció ecològica certificada des del 2013. Agricultura del Maresme. Formem part de les 10 sòcies d'Ecomaresme SCCL.",Mataró,,Www.hortdendidac.com,Sí,Maresme
Hort de ca la Cistellera,,Fruites i verdures ecològiques,Juneda,,hortdecalacistellera.cat,Sí,Garrigues
Hort de Can Tabaquet,Sí,Col Broquil Coliflor Brocoli Enciam Bleda Espinac Pastanaga Ceba tendre Porro Faves Pesol Remolatxa Carxofa Carbassa Mongeta ganxet Carbasso Cogombre Montgeta tendre,Lliçà de Vall i Granollers,"Carrer perdellot Lliça de vall 08185 bcn Dimarts de 10 a 18 h Dissabte 9 a 13h Venda directe i recollida cistelles. Cistelles a domicili a granollers, la roca de valles, canovelles, lliça de vall, lliça d amunt, parets del valles, martorelles i sta maria martorelles.",Preferim contacte per telefon o watssap.,En conversió,Vallès Oriental
Horta 3sols,,Verdures i hortalisses CCPAE,Castellterçol,A domicili o recollida a la finca,,Sí,Moianès
Horta de la Viola,,Horta i fruita agroecològica. Flors bio de cultiu propi.,Palafrugell,Punts recollida: Dimarts tarda a l'Horta per precomanda. Dissabtes matí mercat de Palafrugell. Comandes via web (hortadelaviola.pagesosagroecologics.com) o via whats ap,Contactar abans via telèfon: Raimon (XXXXXXXXX ) Maren (XXXXXXXXX ) Hortadelaviola.org,,Baix Empordà
Horta de Palou,,"Enciam llarg, maravilla, roure vermell, roure verd, col, bròquil verd, brocoli, cols de brusel.les, alls tendres, Apit, remolatxa, Pastanaga lila, Nap lila, Nap negre, funoll, Col-i-rabe, faves, patata kenabec, ceba figueres,...",Forallac,Comandes per WhatsApp o instagram,"@hortadepalou Passem llista amb preus, comanda mínima de 15'",,Baix Empordà
Horta ecològica Pla de Munt,,"Verdures, fruita i altres",Palafolls,Venda directa,,Sí,Lluçanès
Horta la Sínia,,"Verdures, hortalisses i cítrics ecològics",Tortosa,"Cistelles a domicili, grups de consum, botigues i restauració de l'Àrea Metropolitana",,Sí,Baix Ebre
Horta Tarrés,,"Verdura pròpia de temporada, ous i mel eco, fruita de proximitat.",Vic,Repartim cistelles a domicili.,Contacta'ns! https://hortatarres.wordpress.com/,,Osona
Hortet del Bruc (Somalzines),,Fruita i verdura ecològica,El Bruc,"Es pot comprar a la pròpia finca els dijous de 17:00 a 19:30 i dissabtes de 10:30 a 13:30. Es poden fer comandes (repartim a la zona de Capellades, El Bruc, Collbató i Esparreguera, i tenim punt de recollida a Sant Esteve de Sesrovires i Olesa de Montserrat)",www.somalzines.com botiga.hortetdelbruc.com,,Anoia
Hòrtia,,Fruita i verdura,Bellpuig,"Punt de recollida i entrega a domicili els dimarts, dijous i dissabtes. Llista de productes i comandes per WhatsApp.",,Sí,Urgell
Identitat Extra Virgin Olive Oil,Sí,"Oli d'oliva verge extra ecològic i monovarietal Empeltre, Arbequina i Picual",Horta de Sant Joan,"Al propi molí, a través de la pàgina web, del telèfon o whatsapp (XXXXXXXXX ). A través de missatgeria local, podem fer arribar les comandes en 24-48h.",Es pot comprar via web al http://identitatoliveoil.com/categoria-producto/olis/ www.identitatoliveoil.com,Sí,Terra Alta
Kosturica,,"Verdura, fruita i altres productes",Canovelles,,,Sí,Vallès Oriental
L'Egarenca,,"Fruita i verdura fresca, làctics, carn, ous, dolços i galetes, conserves, confitures, cereals, espècies, infusions, cafès, vins, cerveses i licors, productes d'higiene i cosmètics a granel. (Ecobotiga cooperativa de proximitat).",Terrassa,"Comandes només disponibles per a persones sòcies (cal haver fet un registre presencial previ). Un cop s'és soci/sòcia es pot comprar presencialment, o a través de comanda online a egarenca.cat.",www.egarenca.cat,,Vallès Occidental
"L'Enllaç de l’Ebre, SCCL",Sí,"Hort i Camp: Verdures, Fruita fresca (Cítrics), Fruits secs. Rebost: Olives, Oli, mel, pasta, arròs i llegum. Granja: Aviram, ous, vedella i xai Celler: Cervesa artesana i vins.",l'Aldea,"Contactar per mail a xxxx@xxxxx.org, telèfon whats up a XXXXXXXXX , i consulteu la nostra web www.somebre.org. Facilitem catàleg, tarifa de preus i condicions d'entrega.",Recordeu que teniu temps de fer les comandes fins dimecres a les 14:40 per servir dijous i divendres. Les comandes entrades a partir de dimecres a les 14:30 es serviran la setmana vinent. Gràcies per la confiança Www.somebre.org,Sí,Baix Ebre
L'hort d'en Sergi,Sí,Hortalisses de temporada,Riells del Fai (Bigues i Riells),"Punts de recollida a Riells del Fai i Cerdanyola del Vallès. Posar-se en contacte per WhatsApp o trucada per saber els productes disponibles, preus, horaris...",sergims15 (compte instagram),,Vallès Oriental
L'hort de l'Eriçó,,Verdures ecològiques,Sant Boi de Llobregat,Entrar en contacta per mail o mòbil per fer comandes.,,,Baix Llobregat
L'Horta d'Òrrius,,Hortalisses i fruites ecològiques,Òrrius,"Botiga a la finca Can Femades. Dimarts, Dijous de 4 a 7 de la tarda Per whatsapp i correu electrònic Servei a domicili o recollida de comandes a la finca Mercats de Pagès. Dissabtes de 9 a 14:30. A Sants (Rbl. Brasil) Quinzenal. I al Guinardó (Plç. Maragall) Setmanal.",,Sí,Maresme
L'Horta que Brota,Sí,Verdura ecològica de temporada,Manresa,,,,Bages
l'infús selecció d'herbes i tes,,"Infusions d'herbes ecològiques de formulació pròpia, important varietat de tes i galetes artesanes no ECO, també d'elaboració pròpia, amb mantega del Cadí DOP.",La Seu d'Urgell,"Per mitjà de la nostra web i les galetes per correu electrònic a xxxx@xxxxx.cat Repartim els dimecres a la Seu d’Urgell. Per comandes fora de la Seu, ho fem per mitjà d’una empresa transportista qualsevol dia de la setmana.",Enviem les comandes per missatger. L'enviament és de franc per una comanda superior a 40€. Per quantitat inferior pactem cost. www.linfus.cat Instagram: @linfus_laseu,Sí,Al Urgell
"L'Obrador de Gramenet, SCCL",,Pans i pastes elaborats amb ingredients procedents de l'agricultura ecològica,Santa Coloma de Gramenet,Al nostre local. Horari de 9 a 14 hores i de 16:30 a 20 hores. Repartiment a Barcelona i Barcelonès Nord mitjançant ciclologística. Comanda per correu electrònic o whatsapp,,,Barcelonès
L'Olivera Cooperativa,Sí,Vins i olis ecològics,Vallbona de les Monges,"Botiga online: http://www.olivera.org/botiga/ca/ Botiga del celler de Vallbona: La Plana, s/n 25268 Vallbona de les Monges (Lleida) La Vinoteca de Can Calopa: Carretera BV-1468. Km 4,8. Barcelona. Tel: + XXXXXXXXX 88",www.olivera.org,Sí,Urgell
L'Ortiga Productes Ecològics,,Horta,Sant Cugat del Vallès,cistelles a domicili,,Sí,Vallès Occidental
La Barraqueta agroecologica,,Verdura i fruita de temporada ecologica,Vilallonga del Camp,"Dimecres: 18.15 vilallonga del camp, 20.00 la selva del camp 21.00 valls",facebook i instagram: Mikel/Rubiralta,Sí,Tarragonès
La Carabasseta,,Horta de temporada i oli d'oliva,Montblanc,Durant estiu venda directa a la finca. Resta any tucar.,,Sí,Conca de Barberà
La Caseta,Sí,"Llavors d’horta, conserves i planter",Font-Rubí,Venda a domicili o a la casa.,"Tenim planter que haviem de vendre a la Fira de Plantes Oblidades d'Eixarcolant, que s'ha cancel·lat. Aquí el llistat: http://www.arrandeterra.org/wp-content/uploads/2020/03/photo_2020-03-15_12-37-10.jpg",,Alt Penedès
La cistella de la Imma,,Frescos de temporada i ecologics,Algerri,"Comandes Per watssap desde dijous a diumenge i dimecres servim, ara a domicili fins ara un punt de recollida a cada poble. Prèviament envien llistat de productes, preus i de quin pagès és.","Tots els pagesos tenen ccpae, jo distribuïdor a grups de consum i famílies",,Noguera
La Folcrà,,Llet fresca certificada (vaca),Sant Joan Abadesses,Envasem llet fresca en envasos de 5 litres Comandes per watsap XXXXXXXXX Podem servir porta porta al ripollès,,,Ripollès
La Lleteria,Sí,"Lactis: iogurt, batut, formatge fresc, mató, llet.",Juneda,,Disposem de lactis preparats per escoles i restaurants. Estem reduint producció. Continuem treballant i servint a les botigues Estaria bé poder buidar les càmares frigorífiques. A preu de cost. lleteria.obagues.cat,,Garrigues
La Magalla,,Verdura ecològica,Tarragona,,,,Tarragonès
La Magalla cooperativa,,Horta i fruita ecològica,Vallès Oriental,,,Sí,Vallès Oriental
La Masrojana,,"Oli, Olives",Móra d'Ebre,"comandes via watsapp, telefonicament o per correu electrònic. es poden recollir a l'agrobotiga que tenim a la nau, horari de 8 a 14h i de 18h a 20h.",www.lamasrojana.com,Sí,Ribera d’Ebre
La Montoliva,,"Cigrons, ametlles, melmelada, albercocs, mostassa, oli",Vilallonga del Camp,A través de la web o venint a la finca trucant abans al XXXXXXXXX ,www.lamontoliva.com,,Tarragonès
La Petita Granja de Claret,,"Llet, formatges i altres productors làctics",Bages,Productes disponibles a partir de la tardor.,,En conversió,Bages
La Rural de Collserola,,"CCPAE verdures, fruita, mel, pa, embutit vega, cosmetica eco.",Valldoreix,Venda a domicili o a recollir a finca. Horari comercial de 9h a 19h de dilluns a divendres,,Sí,Vallès Occidental
La Saó,,Horta,Parets del Vallés,"Venda directa, servei domicili i mercat",,,Vallès Oriental
La Segalla,,Formatges i iogurts ecològics de cabra,La Selva del Camp,"Normalment venem a través de petita botiga, però si voleu algo, contacteu",,Sí,Baix Camp
La Selvatana,Sí,"Lactics ecologics de vaca. Llet, iogurt, mató i formatge",Campllong,,,Sí,Gironès
La Silvestrina,,"Herbolària, infusions, preparats naturals, planta fresca",El Milà (alt camp),enviament i assessorament online,,,Alt Camp
La Sobirana Cooperativa,,Ratafia La Penjada (primera ratafia cooperativa),Santa Coloma de Farners,,www.lasobirana.cat,,Selva
Le Pain Tranquille,,"Pa, brioxeria, conserves i begudes",Premià de Mar,,,,Maresme
Les Refardes,,Llavor d'horta,Mura,Enviem per correus i recollir al local,,Sí,Bages
Llaberia Fruits,,"Olis, vins, calçots cuits i crus carxofas i més tot collita propia","Tarragona, cambrils, montbrio del camp",,,,Solsonès
Llavora,,Porc ecològic,Ventalló. Alt Empordà,,www.llavora.cat,Sí,Alt Empordà
Lo Traginer,,Fruita/verdura CCPAE petites prod. Vegueria P. /Països Catalans,Vilafranca,,Instagram: LoTRAGINER,Sí,Penedès
Làctics l'Esquella,Sí,"Llet fresca pasteuritzada, Iogurts, Mató i Formatge",Bellver de Cerdanya,Venda directa a la botiga pròpia ubicada a Bellver de Cerdanya (C/ Escoles n. 11. Horari: de dilluns a divendres de 17.00 a 19.00 i dissabte de 10.00 a 13.30) i en establiments de la comarca.,"S'han reduït molt les comandes tant de consumidor final com dels negocis actualment tancats (hosteleria, escoles, etc.) @lacticslesquella Www.lesquella.cat",,Cerdanya
Làctics Pauet,,"Iogurts, naturals i amb melmelada de nabius, avellana, maduixa i llimona, fets amb llet de cabra. Recuits, mató i formage fresc amb llet de cabra. Xais i cabrits",Jafre,,www.lacticspauet.com Tot el.laborat amb llet del nostre ramat,,Baix Empordà
Maduixes de Munt,Sí,Maduixes,Arenys de Munt,Es poden recollir a casa o les podem portar a les cases. Les comandes es poden fer per WhatsApp o per telèfon XXXXXXXXX .,Les maduixes son de conreu familiar i sostenible. Boníssimes! http://maduixesdemunt.com/,,Maresme
Mas Corcó Pagesos Forners,,Pa ecològic fet amb el nostre blat i brioixeria,Manlleu,"A l'obrador tenim una botiga i també repartim a diferents botigues de Manlleu, Torelló, Vic, Tona i Malla",,Sí,Osona
Mas Jalech,,"Hortalisses, fruita i d'altres",Els Hostalets de Balenyà,Venda directa al mas i mercats a Granollers i La Garriga. Cistelles a domicili,,Sí,Osona
Mas Pinós,Sí,Carn de vedella ecològica i porc.,Vallfogona de Ripollès,"Repartim a domicili els divendres ( osona, barcelona i maresme)",Per comandes Whatsapp XXXXXXXXX o web. Www.maspinos.cat,Sí,Ripollès
Masia Can Joans. Producció de llet ecològica i iogurts,Sí,"Llet crua de vaca i iogurts. Preu: Iogurts natural i descremat: pack de 2 unitats= 1€ Llimona o maduxa: pack de 2 unitats= 1,20€ Nabius: pack de 2 unitats= 1,30€ (Preus sense IVA)",Lliçà d'Amunt (Barcelona),Es reben comandes per Whatsapp i a través de http://www.lamagranavallesana.cat/,,Sí,Vallès Oriental
Masia Can Sunyer,,"Verdures i fruites agroecològiques Fruita seca Productes envasats de comerç just : sucre, té, xocolata",La Garriga,"Cistelles agroecològiques a mida Comandes per what's app al +XXXXXXXXX 01 Entregues porta a porta al Vallés, Maresme i Osona Venta a l'agrobotiga ecológica divendres i dissabte matí.",,En conversió,Vallès Oriental
Masia Tomaso,,Carn eco de corder i vedella,Àger,Venda directa a domicili,,Sí,Noguera
Mel Cal Fuster,,"Mel, mel i pol.len , tintura de propolis (reforça el sistema immunològic)",Navàs,,Enviar whatsapp per parlar,,Bages
Menjamiques,Sí,"Crema de garrofa (clàssica i vegana), Dolç d'ametlla i avellana, Allioli de garrofa, Vinagre de garrofa, Concentrat de garrofa",Bràfim,"A www.menjamiques.com/on-som trobareu tots els nostres punts de venda de Catalunya. Així mateix, també podem servir a domicili si és al Camp de Tarragona (en aquest cas, poseu-vos en contacte amb naltros).",Ens trobem amb productes elaborats que els queda poc temps de consum preferent i que no podrem col·locar un cop s'aixequi el confinament per manca de temps.,,Alt Camp
Menjar d'hort SCCL,Sí,"Els nostres productes són de temporada, frescos, ecològics/biològics, de molt bona qualitat, lliures de tòxics i de quilòmetre 0.",Gavà,"Podeu fer la vostre comanda a partir de: - Facebook --> Menjar d'Hort - Instagram --> MenjardHort - Whatsapp --> XXXXXXXXX Les comandes les repartim els dijous, les portem a casa.","Cada setmana pujem a instagram i facebook els nous productes. Us portem la comanda a la porta de casa amb totes les proteccions higièniques necessaries --> guants, mascareta...",,Baix Llobregat
Miquel Casas,Sí,"Tots els productes són ecològics (Certificats pel CCPAE): -Carn de xai i cabrit ( tallat al gust del client, mig o sencer) -Farina de blat tou varietat tradicional Xeixa, sacs de 5kg o 25kgs",Ripoll,"Quedant per telèfon i també per l'entrega. Al Ripollès, Osona i Garrotxa",,Sí,Ripollès
Moli Lo Nostre Arròs,Sí,Arròs varietat marisma ecològic,Amposta,"Servei a domicili a Amposta, mínim 10 kg. La resta x missatger.",Per motiu de la situació ens han caigut del vendes. Els nostres clients són petites tendes i restauració. www.lonostrearros.cat,Sí,Montsià
MuDA. Vedella d'Agullana,,Vedella Eco,Agullana,,www.muda.cat,Sí,Alt Empordà
Murgó Formatges,,Formatges madurats de llet de cabra i llet de vaca,El Maresme,Enviaments o venda directa ' salut i formatges,,,Maresme
Més Fresques Que Un Enciam,Sí,"Producció i distribució de fruita i verdura (agro)ecològica, de temporada i de proximitat",Barcelona,,https://mesfresquesqueunenciam.coop/,,Barcelonès
Niu Verd pollastres ecològics,Sí,"Pollastres ecològics tallats a quarts, vuitens o setzens",Sant Feliu Sasserra,"Fem comanda cada 15 dies. Àrea de distribució Bages, Osona i Lluçanès. Envieu un correu i us contactarem per poder fer la comanda, gràcies",www.niuverd.cat,Sí,Lluçanès
Oli Cimal i Thymus orgànic soaps,Sí,Oli d'oliva extra verge ecològic Sabons per la cura personal i la bugada elaborats amb oli d'oliva de collita pròpia,Arbeca,,Venda a granel de sabons per a la bugada en líquid i en pols. Thymusorganicsoap.wordpress.com,Sí,Pla d’Urgell
Oli Oliva Negra,,Oli d'oliva verge extra naturals i ametlles naturals procedents d'agricultura regenerativa formats oli: -ampolla 250ml. -garrafa 2l. -garrafa 5l. -bag in box 5l. formats ametlles: -bossa 250g.,El Molar,"Venta directa, fer la comanda mitjançant mail o telf.","Fem agricultura regenerativa i no utilitzem cap tipus de producte químic als nostres cultius, el nostre certificat és la confiança i qualsevol pot venir a visitar nos. Salut i bons aliments!!! Estem oberts a l'intercanvi!",,Priorat
Olinunllum,,Oli d'oliva extra verge ecològic Ametlla eco,Les Borges Blanques,"Qualsevol horari ens va bé,trucant al mòbil o enviant un mail.",,Sí,Garrigues
Olis Can Català,,Oli d'oliva verge extra,Roquetes,"Online mitjançant la web, mitjançant WhatsApps, per telèfon XXXXXXXXX i XXXXXXXXX . Us ho enviem per missatger a l'adreça on digueu. Tenim només 2 tipus d'envasat llaunes i ampolles 250ml. Qualsevol dubte o consulta no dubteu en trucar. XXXXXXXXX (Domingo) XXXXXXXXX (Manuela)",Les nostres olives estan certificades per Consell Català de Producció Integrada www oliscancatala.com,,Baix Ebre
Pagerols,Sí,"Agricultura b.i.o...agradable Produim verdures, hortalisses i fruita de temporada, respectant el medi ambient.",Castellbisbal,Punt de recollida a la Masia i al Mercat de pagès de Sant Cugat del Vallès.,"Estem configurant la botiga online, aviat estarà disponible. Per motius de prevenció, i solidaritat amb els que convivim, no hi haurà repartiment. Tindrem un punt de recollida a la finca. La gent que estigui interessada es pot posar en contacte amb nosaltres per aquest correo: xxxx@xxxxx.com Gràcies, perdoneu les molèsties. www.katuma.org",Sí,Vallès Occidental
Pastant diversitat,,"Pa,pasta, i farines blats antics",Sant Sadurni de l'Heura,A la finca. Mercats mon emporda. Per email.,,,Baix Empordà
Pla Oví,Sí,Xai o Lletò de ramat,Algerri,Podeu passar a recollir la comanda a la nostra carnisseia de 10h a 14h de dimarts a dissabte o et portem.el xai a casa. Fen enviaments en fred a tot el territori,,,Noguera
Planeses Agricultura Regenerativa,,"Pollastre, hamburgueses i adobats, llet, iogurt, formatge d'untar, brou, conserves de pollastre",Sant Ferriol,"Web botiga online, botiga a Banyoles, grups consum",No estem en urgència de moment,Sí,Garrotxa
Planterra,Sí,"Planter d'horta, plantes aromàtiques i medicinals i flors ECO",Cabanelles,Les comandes es poden fer via watsup o via mail. Estem divendres al mercat de Serinyà Dissabte a Banyoles Fem repartiment segons volum de comandes. Punt de recollida dissabtes als horts de Tortellà( si calgues enviem ubicacio),,,Alt Empordà
Pollastre del Montseny,Sí,Pollastre criat a l'aire lliure,Seva,"Les comandes es fan per telefon, watshapp o per la web. Repartim a domicili cada setmana a tot el territori català",,,Osona
Quèviure,,Distribució de productes ecológics i de proximitat.,Barcelona,Comanda mínima de 250'.,"Cooperativa sense ànim de lucre, que fem distribució de productes ecològics i de proximitat de tot tipus. Arròs, pasta, llegums, galetes, cafè, cacau, proteïna vegetal,.... www.queviure.cat",Sí,Barcelonès
Ramaderia ecológica ca l’andreu,,Carn de vedella ecológica al detall degudament envasada,Alàs i Cerc,X la web X telefon Dijous repartim x bcn i voltants,ramaderiacalandreu.com,Sí,Alt Urgell
Rave Negre,,Verdura ecològica,Vallès Oriental,,,Sí,Baix Llobregat
S'ha acabat el Bròquil,,Horta,Maresme Barcelonès,A domicili i a pagesos/engròs,,Sí,Maresme-Barcelonès
Safrà del Montsec,Sí,Safrà Ecològic,Llimiana,"Venda a la mateixa finca, a domicili i a botigues especialitzades en producte gourmet i ECO (demana info). Comandes per Telèfon, WhatsApp, Web (formulari de contacte) o correu electrònic. Es realitzen enviaments a tota Catalunya.","Cultivem safrà ecològic, d'excel·lent qualitat, certificat pel CCPAE. Premi Great Taste Awards 2019. Com a membres de Slow Food col·laborem amb la recuperació de l'agricultura tradicional, que al seu torn fomenta la filosofia de produir aliments bons, nets i justos. http://www.safradelmontsec.com/",Sí,Pallars Jussà
Segimona,,"Horta: espinac, bleda, enciam, porro, all tendre, col, ceba.",Montseny,,,,Vallès Oriental
Set d'Oli,Sí,Oli d'oliva verge extra,Figuerola del Camp,,"Tenim Oli d'oliva Verge extra en formats de 2 i 5 l, Trucar per Comandes Www.setandros.com",,Alt Camp
Societat Agrícola Siurana,,Oli d'oliva verge extra ecològic Oli d'oliva verge extra DOP Empordà,Siurana d'Empordà,Podreu trobar el nostre oli d'oliva verge extra ecològic i molts altres productes de proximitat a la nostra agrobotiga.,www.agricolasiurana.com,Sí,Alt Empordà
SONS Cosmética Ecologica Artesana,Sí,"Pasta de dientes, champús sólidos, geles de baño sólidos, jabón de afeitar sólido, limpiador facial sólido, tintura de equinacia, tintura de proopoleo, unguento inflamación y dolor, crema de manos sólida, contorno de ojos, crema de día de cara, crema de noche, fortalecedor de pestañas(largas y fuertes), aceites vegetales de: semilla de frambuesa, de semilla de uva, de semilla de granada, argán, ricino, rosa mosqueta, oleato de zanahoria,etc. Compresas de tela, pajitas de beber de acero, cepillo de dientes biodegradable, discos lavables desmaquillantes, esponjas de lufa, etc.",Sant Joan de Mediona,,https://www.facebook.com/SonSoles.SaludyBelleza https://www.instagram.com/dulcesons/,,Alt Penedès
Soulblim,,Fruita i verdura ecològica i Km0 del Parc Agrari del Baix Llobregat,Viladecans,,,Sí,Baix Llobregat
Sències Can Girona Sitges,,"Productors d'horta i amb petita botiga de producte propi i de tercers de fruita i verdura eco, i altres elaborats relacionats: mel, vi, olis, melmelades, sucs, cremes, ...",Sitges,,"En principi tenim producció pròpia i de productors habituals suficient per ara, però si algú té excedents que no pot col.locar que ens contacti que podem mirar de vendre'ls ja que el nostre principal client és consumidor final. https://www.sencies.com/",Sí,Garraf
Tecomate,,"Refresc amb base d'herba mate. Hi ha quatre varietats: Herba mate amb caffeina, Gingebre, Menta i llimona, Cola.",Barcelona,,https://www.instagram.com/tecomatebcn,,Barcelonès
Terra de Burgans,,"hort de temporada, ous, oli verge extra250ml, llauna de litre i llauna de 2lt, ametlla marcona amb closca, garrofes.",El Perelló,watssap: XXXXXXXXX portes obertes a la mateixa finca amb horari especial de confinament de dimecres a dissabte de 11 del mati a 14h de la tarde.,,Sí,Baix Ebre
Terra Mullada,,Fruita i horta de temporada de produccio propia certificada pel CCPAE,"Barcelona Sants, Molins de Rei, Sant Climent de Llobregat, Martorell, Abrera",XXXXXXXXX (Moni),"Som una petita família d agricultores amb Botiga (c/Antoni Capmany 71, Sants) també servim Cistelles eco a l’Agrollavor (c/Foment 4, Molins de Rei) Cultivem Horta i Fruita a Molins de Rei, Sant Climent i Abrera Estem oferint fer la compra via wassap (XXXXXXXXX ) i fem repartiments el dimarts i els dijous a Barcelona i el Baix Llobregat. Així que et preguem ens facis comanda el dia abans. Costos d'enviament: Fins a 40€, 3€; més de 40€, 5€ Per qualsevol dubte i enviant el nom; el que desitges; La manera de pagament i la teva adreça i hores en què t ho podem entregar. Pots fer el pagament amb targeta o fer un Bizum al telèfon del la Moni",Pots veure els horts i a la nostra família seguint-nos al Facebook Twiter i Instagram de Terra Mullada Si t'interessa diga'ns i t'enviem el llistat del productes i preus dels que disposem.,Baix Llobregat
Terraivent,,"De Maig a Novembre: Fruita dolça (pruna, albercoc, préssec, nectarina, poma, pera) Tot l'any: Anous Tot l'any: Oli",Vilaplana,"Punts de venda actuals: cooperativa El Brot (reus), botiga Vilaplana, La Bajoca (Valls)",@terraivent,Sí,Baix Camp
The Basement,Sí,Setas,Barcelona,"disponible per comprar a glovo, la colmena que dici si, subscripció al nostre lloc web","Som una granja urbana de Barcelona, ''vam començar a operar al gener i el coronavirus ha retardat notablement els nostres avenços. Som creients forts en la producció sostenible, ecològica i local, i ens agradaria ser inclosos a la vostra llista. Us desitgem el millor en aquests temps tan bojos Thebasement.farm",En conversió,Barcelona
Tomàting,,Tomàquets Cistelles ecològiques Muntatge i assessorament horts urbans,Sallent,Contactar per whatsapp al XXXXXXXXX ,,Sí,Bages
Tres Cadires SCCL,Sí,"Licors artesans (Vi de nous, ratafia, patxaran, licor de taronja)",Arbeca,,"Comunitat Corresponsable com a mecanisme per una implicació producció-consum que desafiï, entre d'altres, crisis com aquesta. http://www.trescadires.cat/comunitat",,Garrigues
Tresors del Cadí,,Horta ecològica,Cava (Ansovell),,www.tresorsdelcadi.cat,Sí,Alt Urgell
Un món a granel,,"Tota mena de productes bio eco sostenibles. Desde llegums, fruita seca, arrossos, sucres, mel, flocs , fins a menatge de la llar, rentavaixelles, detergents per tot tipus de roba, desengreixant, vitroceràmica. Cosmètica natural, vegana artesnal, sabó de cos i xampú sòlid ecologi artesanal i pròxims i més productes que respecten la sostenibilitat, l'ecologia, la proximitat i el comerç just .",Terrassa,"Es pot recollir al mateix local un cop feta la comanda. També repartim a domicili per un import superior a 30 a localitats properes a Terrassa, com Sabadell, Sant Quirze, Viladecavalls, Vacarisses, Cerdanyola , Ripollet, Rubí i Sant Cugat. Per localitats més llunyanes cal consultar primer. El producte està a la plana web i la forma de pagament és contra reemborsament.",http://unmonagranel.cat,,Vallès Occidental
Un Sol Cel,,Vins,Albinyana,,,,Baix Penedès
Vedella ecològica,Sí,Caixes de 5kg i 10kg de vedella ecològica,"Cardona, Manresa, Suria, Terrassa","Dijous dia 26 de març repartirem vedella a Cardona, Suria, Manresa i Barcelona.",Per més informació us deixo el número de contacte: XXXXXXXXX .,Sí,Bages
Verdulea,,Hortalissa i fruita ecològica de temporada,La Roca del Vallès,"Punts de recollida i domicili els dimecres a la tarda a Gualba, Riells i Viabrea, Sant Celoni, Santa Maria de Palautordera, Santa Agnès de Malanyanes. Formulari de Google form per fer la comanda.",www.verdulea.pagesosagroecologics.com,Sí,Vallès Oriental
Verdura ecològica Josep Pasqual Esteller,Sí,Horta de temporada Fruita de temporada,Sant Joan Despí,Carrer torrent del Negre 12 Obert de 18 a 20,,Sí,Baix Llobregat
Vitae Kombucha,Sí,Kombutxes de diferents sabors. Elaborades seguint el mètode tradicional i de forma artesanal.,Pineda de Mar,https://tienda.vitaekombucha.com/ Atraves de la botiga on line.,https://vitaekombucha.com/,Sí,Maresme
Xai de Can Picola,,Xai sencer tallat,Ogassa,Fes la teva comanda el dimarts i el divendres tarda o dissabte mati el pots recollir,Xai de dos messos i mig alimentat de la llet de la mare durant tot el periode i complementan l'alimentacio amb cereals i ferratge.,,Ripollès
"Xai, llet, porc del Soler de n'Hug",,"Carn de xai, carn i elaborats de poc i llet pasteuritzada",Prats de Lluçanès,"Granja pròpia, elaborem a la botiga situada al municipi, venda presencial i amb possibilitat de servir a domicili",Www.elsoler.cat,,Lluçanès
Xais I Cabrits Canyelles,Sí,Xai ecològic Cabrit ecològic,Canovelles,"Oferim la recollida del producte a la pròpia explotació i servei a domicili als pobles següents: Bigues, Santa Eulàlia de Ronçana, Lliçà d'Amunt, Lliçà de Vall, Canovelles, Granollers, Les Franqueses del Vallès, l'Ametlla del Vallès i la Garriga. Les comandes es poden fer qualsevol dia a qualsevol hora per telèfon/whatsapp (XXXXXXXXX ) o per email (xxxx@xxxxx.com).","Es fa la venta de 1/2 xai ecològic o 1 xai ecològic sencer. La carn pot ser tallada a gust del consumidor: per fer a la brasa, al forn, etc. Principalment les entregues a domicili es concentren els dijous i divendres i les comandes hauríen de ser amb una setmana d'antel·lació. Instagram: @xaisicabritscanyelles Facebook: /xaisicabritscanyelles",Sí,Vallès Oriental
